{
  "assetsByChunkName": {
    "vendors~app-account~app-checkout~app-confirmation~app-order": "chunk.20068af561fba7f4c245.js",
    "vendors~app-account~app-confirmation~app-order": "chunk.de9723282a33b8c24a6c.js",
    "vendors~app-account~app-checkout": "chunk.e4eaa365d0424d4d1a6f.js",
    "vendors~app-cart~app-checkout": "chunk.f7c0d23a267e6b023363.js",
    "admin": [
      "admin.805482c4eab1f17028d7.js",
      "admin.805482c4eab1f17028d7.js.map"
    ],
    "app-account": "chunk.e3108fe8af853d7919f1.js",
    "app-cart": "chunk.434b7bd5b1e424bcb155.js",
    "app-checkout": "chunk.c833a84f52e4a6e4c949.js",
    "app-confirmation": "chunk.6288fe261f88e161aefb.js",
    "app-order": "chunk.803019d4e47309a80cac.js",
    "checkout": [
      "checkout.b5ce560c73b38d60eddc.js",
      "checkout.b5ce560c73b38d60eddc.js.map"
    ],
    "storefront": [
      "storefront.64256a110b153ad59d34.css",
      "storefront.ee9f801e43e7779a294a.js",
      "storefront.64256a110b153ad59d34.css.map",
      "storefront.ee9f801e43e7779a294a.js.map"
    ],
    "vendors~app-cart": "chunk.58d5f00ec7fb548f1e2a.js"
  }
}