{
  "description": {
    "title": "Só Grand Granola é Granola.",
    "text": ""
  },
  "links_1": {
    "list_pages": false,
    "title": "",
    "list": []
  },
  "links_2": {
    "list_categories": false,
    "title": "Categorias",
    "list": []
  },
  "contacts": {
    "title": "Fale Conosco",
    "phone_wpp": false,
    "socials": true,
    "email": true,
    "address": true
  },
  "stamps": [],
  "payment_methods": {
    "pix": true,
    "visa": true,
    "mastercard": true,
    "elo": true,
    "amex": true,
    "hipercard": true,
    "boleto": true
  },
  "credits": "Só Grand Granola é Granola."
}
